{
  "version": "2.0",
  "logging": {
    "applicationInsights": {
      "samplingSettings": {
        "isEnabled": true,
        "maxTelemetryItemsPerSecond": 20,
        "excludedTypes": "Request;Dependency;Trace;Exception"
      },
      "enableLiveMetrics": true,
      "enableDependencyTracking": true,
      "enablePerformanceCountersCollection": true
    },
    "logLevel": {
      "default": "Information",
      "Microsoft": "Warning",
      "Microsoft.Hosting.Lifetime": "Information"
    }
  },
  "extensionBundle": {
    "id": "Microsoft.Azure.Functions.ExtensionBundle",
    "version": "[4.*, 5.0.0)"
  },
  "functionTimeout": "00:05:00"
}
