ID,Component,Repository path,Azure service,Azure resource,Data classification,Runtime critical,Deployment critical,Privacy critical,Current status,Export required,Restore test required,Proposed Cloudflare replacement,Migration complexity,Shutdown blocker,Evidence source,Notes
AZ-001,API Functions,functions/,Azure Functions,asora-function-dev,personal data,Yes,Yes,Yes,Verified,No,Yes,Workers,High,Yes,live function list and repo scan,131 deployed functions reported
AZ-002,Primary document store,functions/shared and infra/,Cosmos DB,asora-cosmos-dev,personal data,Yes,Yes,Yes,Verified,Yes,Yes,D1 or managed document store,High,Yes,cosmos metadata query,32 live container names require count reconciliation
AZ-003,Identity database,functions/src auth,PostgreSQL,asora-pg-dev-ne,personal data,Yes,Yes,Yes,Verified,Yes,Yes,managed PostgreSQL/Hyperdrive,High,Yes,postgres metadata query,restore not performed
AZ-004,DSR queues,functions/privacy and workflows,Storage Queues,stasoradsrdev,personal data,Yes,Yes,Yes,Partial,Yes,Yes,Cloudflare Queues,High,Yes,storage data-plane query,depth unavailable
AZ-005,Secrets,functions and workflows,Key Vault,kv-asora-dev; kv-asora-flex-dev,credentials,Yes,Yes,Yes,Partial,No,No,Workers secrets/KMS,High,Yes,key vault metadata query,keys/certs forbidden
AZ-006,Runtime telemetry,functions/shared and analytics,App Insights/Log Analytics,appi-asora-function-dev-dsr; law-asora-dsr-dev-neu,operational data,No,Yes,Yes,Verified,Yes,No,Workers Analytics/external SIEM,Medium,Yes,resource inventory,retain evidence first
AZ-007,Media,media functions and config,Blob Storage,asoramediadev,personal data,Yes,No,Yes,Verified,Yes,Yes,R2,High,Yes,storage inventory,user-media container
AZ-008,CI/CD,.github/workflows,OIDC/ARM,mi-asora-cicd and Azure principals,credentials,No,Yes,No,Partial,No,No,Cloudflare deploy tokens/OIDC,Medium,Yes,repo scan and identity query,role scopes unverified
AZ-009,Public origin,workers/feed-cache/wrangler.toml,App Service hostname,asora-function-dev,public traffic,Yes,Yes,No,Verified,No,No,Cloudflare Worker origin,Medium,Yes,repo scan,do not retire until DNS cutover
